Date,Store_ID,lat_lon,highest_temperature,precipitation_percent,precipitation_mm,weather_code
2026-06-01,HH,34.0039:-117.9653,81.8,0,0.0,3
2026-06-02,HH,34.0039:-117.9653,80.3,0,0.0,3
2026-06-03,HH,34.0039:-117.9653,83.3,0,0.0,3
2026-06-04,HH,34.0039:-117.9653,82.2,0,0.0,3
2026-06-05,HH,34.0039:-117.9653,79.8,0,0.0,0
2026-06-06,HH,34.0039:-117.9653,76.4,0,0.0,3
2026-06-07,HH,34.0039:-117.9653,78.6,0,0.0,3
2026-06-08,HH,34.0039:-117.9653,80.2,0,0.0,3
2026-06-09,HH,34.0039:-117.9653,81.0,0,0.0,2
2026-06-10,HH,34.0039:-117.9653,87.9,0,0.0,0
2026-06-11,HH,34.0039:-117.9653,88.5,0,0.0,3
2026-06-12,HH,34.0039:-117.9653,94.2,0,0.0,3
2026-06-13,HH,34.0039:-117.9653,86.5,0,0.0,0
2026-06-14,HH,34.0039:-117.9653,86.6,0,0.0,0
2026-06-15,HH,34.0039:-117.9653,86.5,0,0.0,0
2026-06-16,HH,34.0039:-117.9653,84.7,0,0.0,3
2026-06-17,HH,34.0039:-117.9653,80.6,0,0.0,2
2026-06-18,HH,34.0039:-117.9653,77.8,0,0.1,51
2026-06-19,HH,34.0039:-117.9653,77.8,0,0.0,3
2026-06-20,HH,34.0039:-117.9653,77.0,0,0.0,2
2026-06-21,HH,34.0039:-117.9653,78.0,0,0.0,2
2026-06-22,HH,34.0039:-117.9653,83.3,0,0.0,3
2026-06-23,HH,34.0039:-117.9653,83.9,0,0.0,2
2026-06-24,HH,34.0039:-117.9653,82.7,0,0.0,2
2026-06-25,HH,34.0039:-117.9653,82.0,0,0.0,3
2026-06-26,HH,34.0039:-117.9653,79.9,0,0.0,3
2026-06-27,HH,34.0039:-117.9653,77.7,0,0.0,3
2026-06-28,HH,34.0039:-117.9653,73.8,0,0.0,3
2026-06-29,HH,34.0039:-117.9653,75.1,0,0.0,3
2026-06-30,HH,34.0039:-117.9653,74.4,0,0.3,51
2026-06-01,AR,34.1397:-118.0353,84.8,0,0.0,1
2026-06-02,AR,34.1397:-118.0353,81.5,0,0.0,3
2026-06-03,AR,34.1397:-118.0353,85.4,0,0.0,3
2026-06-04,AR,34.1397:-118.0353,86.1,0,0.0,0
2026-06-05,AR,34.1397:-118.0353,84.2,0,0.0,0
2026-06-06,AR,34.1397:-118.0353,81.7,0,0.0,3
2026-06-07,AR,34.1397:-118.0353,81.3,0,0.0,3
2026-06-08,AR,34.1397:-118.0353,82.0,0,0.0,3
2026-06-09,AR,34.1397:-118.0353,83.1,0,0.0,1
2026-06-10,AR,34.1397:-118.0353,91.5,0,0.0,0
2026-06-11,AR,34.1397:-118.0353,91.5,0,0.0,2
2026-06-12,AR,34.1397:-118.0353,94.3,0,0.0,3
2026-06-13,AR,34.1397:-118.0353,88.4,0,0.0,0
2026-06-14,AR,34.1397:-118.0353,88.4,0,0.0,0
2026-06-15,AR,34.1397:-118.0353,88.2,0,0.0,0
2026-06-16,AR,34.1397:-118.0353,87.0,0,0.0,1
2026-06-17,AR,34.1397:-118.0353,82.7,0,0.0,1
2026-06-18,AR,34.1397:-118.0353,78.7,0,0.0,3
2026-06-19,AR,34.1397:-118.0353,79.6,0,0.0,3
2026-06-20,AR,34.1397:-118.0353,78.5,0,0.0,1
2026-06-21,AR,34.1397:-118.0353,79.3,0,0.0,1
2026-06-22,AR,34.1397:-118.0353,84.9,0,0.0,0
2026-06-23,AR,34.1397:-118.0353,87.5,0,0.0,1
2026-06-24,AR,34.1397:-118.0353,85.8,0,0.0,1
2026-06-25,AR,34.1397:-118.0353,84.2,0,0.0,0
2026-06-26,AR,34.1397:-118.0353,81.5,0,0.0,3
2026-06-27,AR,34.1397:-118.0353,80.2,0,0.0,3
2026-06-28,AR,34.1397:-118.0353,77.0,0,1.1,51
2026-06-29,AR,34.1397:-118.0353,77.2,0,0.0,3
2026-06-30,AR,34.1397:-118.0353,76.7,0,0.0,3
2026-06-01,SG,34.0961:-118.1058,83.2,0,0.0,3
2026-06-02,SG,34.0961:-118.1058,79.3,0,0.0,3
2026-06-03,SG,34.0961:-118.1058,82.2,0,0.0,3
2026-06-04,SG,34.0961:-118.1058,83.7,0,0.0,2
2026-06-05,SG,34.0961:-118.1058,81.8,0,0.0,3
2026-06-06,SG,34.0961:-118.1058,79.7,0,0.0,3
2026-06-07,SG,34.0961:-118.1058,79.4,0,0.0,3
2026-06-08,SG,34.0961:-118.1058,80.8,0,0.0,3
2026-06-09,SG,34.0961:-118.1058,81.5,0,0.0,0
2026-06-10,SG,34.0961:-118.1058,88.9,0,0.0,0
2026-06-11,SG,34.0961:-118.1058,90.1,0,0.0,2
2026-06-12,SG,34.0961:-118.1058,91.7,0,0.0,3
2026-06-13,SG,34.0961:-118.1058,85.3,0,0.0,0
2026-06-14,SG,34.0961:-118.1058,85.0,0,0.0,0
2026-06-15,SG,34.0961:-118.1058,84.0,0,0.0,0
2026-06-16,SG,34.0961:-118.1058,83.6,0,0.0,1
2026-06-17,SG,34.0961:-118.1058,79.9,0,0.0,3
2026-06-18,SG,34.0961:-118.1058,75.9,0,0.0,3
2026-06-19,SG,34.0961:-118.1058,76.7,0,0.0,3
2026-06-20,SG,34.0961:-118.1058,75.5,0,0.0,1
2026-06-21,SG,34.0961:-118.1058,77.3,0,0.0,1
2026-06-22,SG,34.0961:-118.1058,82.5,0,0.0,2
2026-06-23,SG,34.0961:-118.1058,83.5,0,0.0,3
2026-06-24,SG,34.0961:-118.1058,82.1,0,0.0,2
2026-06-25,SG,34.0961:-118.1058,80.8,0,0.0,2
2026-06-26,SG,34.0961:-118.1058,79.9,0,0.0,3
2026-06-27,SG,34.0961:-118.1058,79.4,0,0.0,3
2026-06-28,SG,34.0961:-118.1058,76.8,0,0.0,3
2026-06-29,SG,34.0961:-118.1058,76.2,0,0.1,51
2026-06-30,SG,34.0961:-118.1058,74.5,0,0.1,51
2026-06-01,RH,33.9744:-117.8903,82.1,0,0.0,3
2026-06-02,RH,33.9744:-117.8903,80.7,0,0.0,3
2026-06-03,RH,33.9744:-117.8903,84.4,0,0.0,3
2026-06-04,RH,33.9744:-117.8903,83.4,0,0.0,3
2026-06-05,RH,33.9744:-117.8903,80.7,0,0.0,0
2026-06-06,RH,33.9744:-117.8903,77.0,0,0.0,3
2026-06-07,RH,33.9744:-117.8903,79.2,0,0.0,3
2026-06-08,RH,33.9744:-117.8903,80.6,0,0.0,3
2026-06-09,RH,33.9744:-117.8903,81.2,0,0.0,3
2026-06-10,RH,33.9744:-117.8903,88.4,0,0.0,0
2026-06-11,RH,33.9744:-117.8903,89.4,0,0.0,3
2026-06-12,RH,33.9744:-117.8903,95.3,0,0.0,3
2026-06-13,RH,33.9744:-117.8903,87.7,0,0.0,2
2026-06-14,RH,33.9744:-117.8903,87.4,0,0.0,3
2026-06-15,RH,33.9744:-117.8903,88.4,0,0.0,0
2026-06-16,RH,33.9744:-117.8903,85.2,0,0.0,3
2026-06-17,RH,33.9744:-117.8903,81.1,0,0.0,3
2026-06-18,RH,33.9744:-117.8903,78.7,0,0.1,51
2026-06-19,RH,33.9744:-117.8903,79.0,0,0.0,3
2026-06-20,RH,33.9744:-117.8903,78.2,0,0.0,2
2026-06-21,RH,33.9744:-117.8903,78.6,0,0.0,2
2026-06-22,RH,33.9744:-117.8903,84.0,0,0.0,3
2026-06-23,RH,33.9744:-117.8903,84.0,0,1.0,53
2026-06-24,RH,33.9744:-117.8903,83.3,0,0.0,3
2026-06-25,RH,33.9744:-117.8903,82.8,0,0.0,3
2026-06-26,RH,33.9744:-117.8903,80.0,0,0.0,3
2026-06-27,RH,33.9744:-117.8903,78.1,0,0.0,3
2026-06-28,RH,33.9744:-117.8903,74.7,0,0.0,3
2026-06-29,RH,33.9744:-117.8903,74.9,0,0.1,51
2026-06-30,RH,33.9744:-117.8903,75.6,0,0.1,51
2026-06-01,IR,33.6846:-117.8265,76.3,0,0.1,51
2026-06-02,IR,33.6846:-117.8265,75.0,0,0.0,3
2026-06-03,IR,33.6846:-117.8265,76.6,0,0.0,3
2026-06-04,IR,33.6846:-117.8265,76.2,0,0.0,3
2026-06-05,IR,33.6846:-117.8265,74.9,0,0.0,3
2026-06-06,IR,33.6846:-117.8265,72.5,0,0.2,51
2026-06-07,IR,33.6846:-117.8265,75.1,0,0.0,3
2026-06-08,IR,33.6846:-117.8265,76.1,0,0.0,3
2026-06-09,IR,33.6846:-117.8265,78.1,0,0.0,2
2026-06-10,IR,33.6846:-117.8265,81.2,0,0.0,3
2026-06-11,IR,33.6846:-117.8265,80.2,0,0.0,3
2026-06-12,IR,33.6846:-117.8265,88.5,0,0.0,3
2026-06-13,IR,33.6846:-117.8265,80.3,0,0.0,3
2026-06-14,IR,33.6846:-117.8265,79.9,0,0.0,3
2026-06-15,IR,33.6846:-117.8265,80.2,0,0.0,3
2026-06-16,IR,33.6846:-117.8265,76.6,0,0.0,3
2026-06-17,IR,33.6846:-117.8265,75.4,0,0.0,3
2026-06-18,IR,33.6846:-117.8265,74.1,0,0.6,51
2026-06-19,IR,33.6846:-117.8265,73.9,0,0.1,51
2026-06-20,IR,33.6846:-117.8265,73.3,0,0.0,3
2026-06-21,IR,33.6846:-117.8265,74.7,0,0.0,3
2026-06-22,IR,33.6846:-117.8265,77.5,0,0.0,3
2026-06-23,IR,33.6846:-117.8265,75.8,0,2.0,53
2026-06-24,IR,33.6846:-117.8265,76.0,0,0.0,3
2026-06-25,IR,33.6846:-117.8265,75.8,0,0.0,3
2026-06-26,IR,33.6846:-117.8265,74.4,0,0.0,3
2026-06-27,IR,33.6846:-117.8265,75.6,0,0.0,3
2026-06-28,IR,33.6846:-117.8265,72.6,0,0.0,3
2026-06-29,IR,33.6846:-117.8265,73.7,0,1.5,51
2026-06-30,IR,33.6846:-117.8265,72.7,0,1.3,51
2026-06-01,GG1,33.7742:-117.938,73.9,0,0.0,3
2026-06-02,GG1,33.7742:-117.938,74.2,0,0.0,3
2026-06-03,GG1,33.7742:-117.938,75.4,0,0.0,3
2026-06-04,GG1,33.7742:-117.938,72.9,0,0.0,3
2026-06-05,GG1,33.7742:-117.938,73.0,0,0.0,3
2026-06-06,GG1,33.7742:-117.938,72.1,0,0.0,3
2026-06-07,GG1,33.7742:-117.938,73.9,0,0.0,3
2026-06-08,GG1,33.7742:-117.938,74.7,0,0.0,3
2026-06-09,GG1,33.7742:-117.938,75.6,0,0.0,2
2026-06-10,GG1,33.7742:-117.938,77.1,0,0.0,1
2026-06-11,GG1,33.7742:-117.938,77.1,0,0.0,3
2026-06-12,GG1,33.7742:-117.938,87.1,0,0.0,3
2026-06-13,GG1,33.7742:-117.938,81.1,0,0.0,3
2026-06-14,GG1,33.7742:-117.938,80.3,0,0.0,1
2026-06-15,GG1,33.7742:-117.938,81.1,0,0.0,3
2026-06-16,GG1,33.7742:-117.938,76.4,0,0.0,1
2026-06-17,GG1,33.7742:-117.938,73.8,0,0.0,3
2026-06-18,GG1,33.7742:-117.938,73.9,0,0.0,3
2026-06-19,GG1,33.7742:-117.938,74.0,0,0.0,3
2026-06-20,GG1,33.7742:-117.938,73.7,0,0.0,3
2026-06-21,GG1,33.7742:-117.938,74.0,0,0.0,3
2026-06-22,GG1,33.7742:-117.938,77.1,0,0.0,3
2026-06-23,GG1,33.7742:-117.938,75.8,0,0.0,3
2026-06-24,GG1,33.7742:-117.938,75.8,0,0.0,3
2026-06-25,GG1,33.7742:-117.938,75.3,0,0.0,3
2026-06-26,GG1,33.7742:-117.938,74.8,0,0.0,3
2026-06-27,GG1,33.7742:-117.938,73.8,0,0.0,3
2026-06-28,GG1,33.7742:-117.938,71.7,0,0.0,3
2026-06-29,GG1,33.7742:-117.938,72.0,0,1.4,51
2026-06-30,GG1,33.7742:-117.938,72.0,0,0.3,51
2026-06-01,GG2,33.7742:-117.938,73.9,0,0.0,3
2026-06-02,GG2,33.7742:-117.938,74.2,0,0.0,3
2026-06-03,GG2,33.7742:-117.938,75.4,0,0.0,3
2026-06-04,GG2,33.7742:-117.938,72.9,0,0.0,3
2026-06-05,GG2,33.7742:-117.938,73.0,0,0.0,3
2026-06-06,GG2,33.7742:-117.938,72.1,0,0.0,3
2026-06-07,GG2,33.7742:-117.938,73.9,0,0.0,3
2026-06-08,GG2,33.7742:-117.938,74.7,0,0.0,3
2026-06-09,GG2,33.7742:-117.938,75.6,0,0.0,2
2026-06-10,GG2,33.7742:-117.938,77.1,0,0.0,1
2026-06-11,GG2,33.7742:-117.938,77.1,0,0.0,3
2026-06-12,GG2,33.7742:-117.938,87.1,0,0.0,3
2026-06-13,GG2,33.7742:-117.938,81.1,0,0.0,3
2026-06-14,GG2,33.7742:-117.938,80.3,0,0.0,1
2026-06-15,GG2,33.7742:-117.938,81.1,0,0.0,3
2026-06-16,GG2,33.7742:-117.938,76.4,0,0.0,1
2026-06-17,GG2,33.7742:-117.938,73.8,0,0.0,3
2026-06-18,GG2,33.7742:-117.938,73.9,0,0.0,3
2026-06-19,GG2,33.7742:-117.938,74.0,0,0.0,3
2026-06-20,GG2,33.7742:-117.938,73.7,0,0.0,3
2026-06-21,GG2,33.7742:-117.938,74.0,0,0.0,3
2026-06-22,GG2,33.7742:-117.938,77.1,0,0.0,3
2026-06-23,GG2,33.7742:-117.938,75.8,0,0.0,3
2026-06-24,GG2,33.7742:-117.938,75.8,0,0.0,3
2026-06-25,GG2,33.7742:-117.938,75.3,0,0.0,3
2026-06-26,GG2,33.7742:-117.938,74.8,0,0.0,3
2026-06-27,GG2,33.7742:-117.938,73.8,0,0.0,3
2026-06-28,GG2,33.7742:-117.938,71.7,0,0.0,3
2026-06-29,GG2,33.7742:-117.938,72.0,0,1.4,51
2026-06-30,GG2,33.7742:-117.938,72.0,0,0.3,51
2026-06-01,GA,33.8883:-118.3081,79.2,0,0.0,3
2026-06-02,GA,33.8883:-118.3081,74.9,0,0.0,3
2026-06-03,GA,33.8883:-118.3081,76.8,0,0.0,3
2026-06-04,GA,33.8883:-118.3081,80.4,0,0.0,3
2026-06-05,GA,33.8883:-118.3081,78.4,0,0.0,3
2026-06-06,GA,33.8883:-118.3081,77.6,0,0.0,3
2026-06-07,GA,33.8883:-118.3081,76.5,0,0.0,3
2026-06-08,GA,33.8883:-118.3081,77.5,0,0.0,3
2026-06-09,GA,33.8883:-118.3081,78.4,0,0.0,0
2026-06-10,GA,33.8883:-118.3081,84.8,0,0.0,0
2026-06-11,GA,33.8883:-118.3081,85.5,0,0.0,3
2026-06-12,GA,33.8883:-118.3081,84.4,0,0.0,3
2026-06-13,GA,33.8883:-118.3081,78.6,0,0.0,1
2026-06-14,GA,33.8883:-118.3081,77.6,0,0.0,0
2026-06-15,GA,33.8883:-118.3081,76.6,0,0.0,0
2026-06-16,GA,33.8883:-118.3081,76.7,0,0.0,1
2026-06-17,GA,33.8883:-118.3081,75.5,0,0.0,3
2026-06-18,GA,33.8883:-118.3081,70.9,0,0.0,3
2026-06-19,GA,33.8883:-118.3081,72.5,0,0.0,3
2026-06-20,GA,33.8883:-118.3081,71.4,0,0.0,3
2026-06-21,GA,33.8883:-118.3081,73.9,0,0.0,3
2026-06-22,GA,33.8883:-118.3081,77.1,0,0.0,3
2026-06-23,GA,33.8883:-118.3081,77.9,0,0.4,51
2026-06-24,GA,33.8883:-118.3081,76.8,0,0.0,1
2026-06-25,GA,33.8883:-118.3081,76.0,0,0.0,2
2026-06-26,GA,33.8883:-118.3081,76.5,0,0.0,3
2026-06-27,GA,33.8883:-118.3081,78.3,0,0.0,3
2026-06-28,GA,33.8883:-118.3081,79.4,0,0.0,3
2026-06-29,GA,33.8883:-118.3081,75.2,0,0.1,51
2026-06-30,GA,33.8883:-118.3081,71.4,0,0.0,3
2026-06-01,PA,34.1478:-118.1445,81.9,0,0.0,1
2026-06-02,PA,34.1478:-118.1445,78.4,0,0.0,3
2026-06-03,PA,34.1478:-118.1445,82.8,0,0.0,2
2026-06-04,PA,34.1478:-118.1445,83.4,0,0.0,0
2026-06-05,PA,34.1478:-118.1445,81.7,0,0.0,0
2026-06-06,PA,34.1478:-118.1445,79.5,0,0.0,3
2026-06-07,PA,34.1478:-118.1445,78.4,0,0.0,3
2026-06-08,PA,34.1478:-118.1445,79.3,0,0.0,3
2026-06-09,PA,34.1478:-118.1445,80.2,0,0.0,0
2026-06-10,PA,34.1478:-118.1445,88.4,0,0.0,0
2026-06-11,PA,34.1478:-118.1445,89.1,0,0.0,1
2026-06-12,PA,34.1478:-118.1445,91.0,0,0.0,3
2026-06-13,PA,34.1478:-118.1445,84.4,0,0.0,0
2026-06-14,PA,34.1478:-118.1445,85.4,0,0.0,0
2026-06-15,PA,34.1478:-118.1445,84.5,0,0.0,0
2026-06-16,PA,34.1478:-118.1445,83.5,0,0.0,0
2026-06-17,PA,34.1478:-118.1445,78.7,0,0.0,1
2026-06-18,PA,34.1478:-118.1445,74.8,0,0.0,3
2026-06-19,PA,34.1478:-118.1445,76.0,0,0.0,3
2026-06-20,PA,34.1478:-118.1445,74.8,0,0.0,0
2026-06-21,PA,34.1478:-118.1445,76.1,0,0.0,1
2026-06-22,PA,34.1478:-118.1445,81.4,0,0.0,1
2026-06-23,PA,34.1478:-118.1445,83.1,0,0.0,2
2026-06-24,PA,34.1478:-118.1445,81.6,0,0.0,1
2026-06-25,PA,34.1478:-118.1445,80.1,0,0.0,1
2026-06-26,PA,34.1478:-118.1445,78.5,0,0.0,2
2026-06-27,PA,34.1478:-118.1445,78.5,0,0.0,2
2026-06-28,PA,34.1478:-118.1445,76.3,0,0.8,51
2026-06-29,PA,34.1478:-118.1445,75.1,0,0.0,3
2026-06-30,PA,34.1478:-118.1445,74.6,0,0.0,3
2026-06-01,MP,34.0625:-118.1228,83.2,0,0.0,3
2026-06-02,MP,34.0625:-118.1228,79.3,0,0.0,3
2026-06-03,MP,34.0625:-118.1228,82.2,0,0.0,3
2026-06-04,MP,34.0625:-118.1228,83.7,0,0.0,2
2026-06-05,MP,34.0625:-118.1228,81.8,0,0.0,3
2026-06-06,MP,34.0625:-118.1228,79.7,0,0.0,3
2026-06-07,MP,34.0625:-118.1228,79.4,0,0.0,3
2026-06-08,MP,34.0625:-118.1228,80.8,0,0.0,3
2026-06-09,MP,34.0625:-118.1228,81.5,0,0.0,0
2026-06-10,MP,34.0625:-118.1228,88.9,0,0.0,0
2026-06-11,MP,34.0625:-118.1228,90.1,0,0.0,2
2026-06-12,MP,34.0625:-118.1228,91.7,0,0.0,3
2026-06-13,MP,34.0625:-118.1228,85.3,0,0.0,0
2026-06-14,MP,34.0625:-118.1228,85.0,0,0.0,0
2026-06-15,MP,34.0625:-118.1228,84.0,0,0.0,0
2026-06-16,MP,34.0625:-118.1228,83.6,0,0.0,1
2026-06-17,MP,34.0625:-118.1228,79.9,0,0.0,3
2026-06-18,MP,34.0625:-118.1228,75.9,0,0.0,3
2026-06-19,MP,34.0625:-118.1228,76.7,0,0.0,3
2026-06-20,MP,34.0625:-118.1228,75.5,0,0.0,1
2026-06-21,MP,34.0625:-118.1228,77.3,0,0.0,1
2026-06-22,MP,34.0625:-118.1228,82.5,0,0.0,2
2026-06-23,MP,34.0625:-118.1228,83.5,0,0.0,3
2026-06-24,MP,34.0625:-118.1228,82.1,0,0.0,2
2026-06-25,MP,34.0625:-118.1228,80.8,0,0.0,2
2026-06-26,MP,34.0625:-118.1228,79.9,0,0.0,3
2026-06-27,MP,34.0625:-118.1228,79.4,0,0.0,3
2026-06-28,MP,34.0625:-118.1228,76.8,0,0.0,3
2026-06-29,MP,34.0625:-118.1228,76.2,0,0.1,51
2026-06-30,MP,34.0625:-118.1228,74.5,0,0.1,51
2026-06-01,CH,33.9892:-117.7326,83.6,0,0.0,2
2026-06-02,CH,33.9892:-117.7326,81.8,0,0.0,3
2026-06-03,CH,33.9892:-117.7326,85.4,0,0.0,3
2026-06-04,CH,33.9892:-117.7326,85.1,0,0.0,3
2026-06-05,CH,33.9892:-117.7326,82.3,0,0.0,3
2026-06-06,CH,33.9892:-117.7326,78.4,0,0.0,3
2026-06-07,CH,33.9892:-117.7326,80.3,0,0.0,2
2026-06-08,CH,33.9892:-117.7326,81.5,0,0.0,3
2026-06-09,CH,33.9892:-117.7326,82.6,0,0.0,3
2026-06-10,CH,33.9892:-117.7326,89.9,0,0.0,0
2026-06-11,CH,33.9892:-117.7326,91.0,0,0.0,3
2026-06-12,CH,33.9892:-117.7326,96.8,0,0.0,3
2026-06-13,CH,33.9892:-117.7326,88.8,0,0.0,0
2026-06-14,CH,33.9892:-117.7326,88.1,0,0.0,3
2026-06-15,CH,33.9892:-117.7326,90.0,0,0.0,1
2026-06-16,CH,33.9892:-117.7326,86.5,0,0.0,3
2026-06-17,CH,33.9892:-117.7326,82.0,0,0.0,3
2026-06-18,CH,33.9892:-117.7326,79.4,0,0.2,51
2026-06-19,CH,33.9892:-117.7326,79.7,0,0.0,3
2026-06-20,CH,33.9892:-117.7326,79.3,0,0.0,2
2026-06-21,CH,33.9892:-117.7326,80.0,0,0.0,2
2026-06-22,CH,33.9892:-117.7326,85.3,0,0.0,3
2026-06-23,CH,33.9892:-117.7326,84.6,0,1.3,55
2026-06-24,CH,33.9892:-117.7326,84.8,0,0.0,3
2026-06-25,CH,33.9892:-117.7326,83.9,0,0.0,3
2026-06-26,CH,33.9892:-117.7326,81.5,0,0.0,3
2026-06-27,CH,33.9892:-117.7326,78.8,0,0.0,3
2026-06-28,CH,33.9892:-117.7326,75.0,0,0.0,3
2026-06-29,CH,33.9892:-117.7326,76.5,0,0.0,3
2026-06-30,CH,33.9892:-117.7326,77.4,0,0.1,51
2026-06-01,AT,33.8658:-118.0831,77.5,0,0.0,3
2026-06-02,AT,33.8658:-118.0831,77.1,0,0.0,3
2026-06-03,AT,33.8658:-118.0831,79.5,0,0.0,3
2026-06-04,AT,33.8658:-118.0831,76.6,0,0.0,3
2026-06-05,AT,33.8658:-118.0831,76.2,0,0.0,3
2026-06-06,AT,33.8658:-118.0831,73.8,0,0.0,3
2026-06-07,AT,33.8658:-118.0831,76.8,0,0.0,3
2026-06-08,AT,33.8658:-118.0831,77.3,0,0.0,3
2026-06-09,AT,33.8658:-118.0831,78.8,0,0.0,3
2026-06-10,AT,33.8658:-118.0831,81.8,0,0.0,1
2026-06-11,AT,33.8658:-118.0831,82.0,0,0.0,3
2026-06-12,AT,33.8658:-118.0831,90.1,0,0.0,3
2026-06-13,AT,33.8658:-118.0831,83.7,0,0.0,2
2026-06-14,AT,33.8658:-118.0831,83.3,0,0.0,0
2026-06-15,AT,33.8658:-118.0831,82.0,0,0.0,0
2026-06-16,AT,33.8658:-118.0831,79.2,0,0.0,2
2026-06-17,AT,33.8658:-118.0831,77.0,0,0.0,3
2026-06-18,AT,33.8658:-118.0831,74.7,0,0.0,3
2026-06-19,AT,33.8658:-118.0831,75.0,0,0.0,3
2026-06-20,AT,33.8658:-118.0831,74.5,0,0.0,3
2026-06-21,AT,33.8658:-118.0831,75.9,0,0.0,3
2026-06-22,AT,33.8658:-118.0831,80.0,0,0.0,3
2026-06-23,AT,33.8658:-118.0831,80.1,0,0.0,3
2026-06-24,AT,33.8658:-118.0831,79.2,0,0.0,3
2026-06-25,AT,33.8658:-118.0831,78.4,0,0.0,3
2026-06-26,AT,33.8658:-118.0831,78.1,0,0.0,3
2026-06-27,AT,33.8658:-118.0831,76.3,0,0.0,3
2026-06-28,AT,33.8658:-118.0831,73.5,0,0.0,3
2026-06-29,AT,33.8658:-118.0831,74.9,0,0.4,51
2026-06-30,AT,33.8658:-118.0831,74.2,0,0.5,51
2026-06-01,AH,33.8366:-117.9143,77.5,0,0.0,3
2026-06-02,AH,33.8366:-117.9143,76.9,0,0.0,3
2026-06-03,AH,33.8366:-117.9143,79.0,0,0.0,3
2026-06-04,AH,33.8366:-117.9143,77.8,0,0.0,3
2026-06-05,AH,33.8366:-117.9143,76.1,0,0.0,1
2026-06-06,AH,33.8366:-117.9143,73.8,0,0.0,3
2026-06-07,AH,33.8366:-117.9143,76.3,0,0.0,3
2026-06-08,AH,33.8366:-117.9143,77.4,0,0.0,3
2026-06-09,AH,33.8366:-117.9143,78.1,0,0.0,3
2026-06-10,AH,33.8366:-117.9143,82.8,0,0.0,0
2026-06-11,AH,33.8366:-117.9143,83.2,0,0.0,3
2026-06-12,AH,33.8366:-117.9143,92.6,0,0.0,3
2026-06-13,AH,33.8366:-117.9143,85.2,0,0.0,3
2026-06-14,AH,33.8366:-117.9143,84.4,0,0.0,2
2026-06-15,AH,33.8366:-117.9143,84.7,0,0.0,1
2026-06-16,AH,33.8366:-117.9143,79.7,0,0.0,2
2026-06-17,AH,33.8366:-117.9143,76.6,0,0.0,2
2026-06-18,AH,33.8366:-117.9143,76.2,0,0.0,3
2026-06-19,AH,33.8366:-117.9143,76.3,0,0.0,3
2026-06-20,AH,33.8366:-117.9143,75.6,0,0.0,3
2026-06-21,AH,33.8366:-117.9143,75.7,0,0.0,2
2026-06-22,AH,33.8366:-117.9143,79.5,0,0.0,2
2026-06-23,AH,33.8366:-117.9143,79.3,0,0.9,53
2026-06-24,AH,33.8366:-117.9143,79.0,0,0.0,2
2026-06-25,AH,33.8366:-117.9143,78.4,0,0.0,3
2026-06-26,AH,33.8366:-117.9143,77.3,0,0.0,3
2026-06-27,AH,33.8366:-117.9143,76.0,0,0.0,3
2026-06-28,AH,33.8366:-117.9143,73.1,0,0.0,3
2026-06-29,AH,33.8366:-117.9143,73.6,0,0.0,3
2026-06-30,AH,33.8366:-117.9143,73.3,0,0.0,3
2026-06-01,FR,37.5485:-121.9886,79.4,0,0.0,0
2026-06-02,FR,37.5485:-121.9886,72.3,0,0.0,3
2026-06-03,FR,37.5485:-121.9886,73.6,0,0.0,3
2026-06-04,FR,37.5485:-121.9886,74.4,0,0.0,3
2026-06-05,FR,37.5485:-121.9886,78.4,0,0.0,1
2026-06-06,FR,37.5485:-121.9886,67.5,0,0.0,3
2026-06-07,FR,37.5485:-121.9886,73.4,0,0.0,3
2026-06-08,FR,37.5485:-121.9886,68.8,0,1.2,53
2026-06-09,FR,37.5485:-121.9886,72.3,0,0.0,3
2026-06-10,FR,37.5485:-121.9886,83.3,0,0.0,0
2026-06-11,FR,37.5485:-121.9886,95.1,0,0.0,0
2026-06-12,FR,37.5485:-121.9886,83.0,0,0.0,0
2026-06-13,FR,37.5485:-121.9886,81.0,0,0.0,3
2026-06-14,FR,37.5485:-121.9886,76.7,0,0.0,3
2026-06-15,FR,37.5485:-121.9886,75.1,0,0.0,3
2026-06-16,FR,37.5485:-121.9886,72.5,0,0.0,1
2026-06-17,FR,37.5485:-121.9886,75.3,0,0.0,3
2026-06-18,FR,37.5485:-121.9886,76.6,0,0.0,3
2026-06-19,FR,37.5485:-121.9886,76.2,0,0.0,3
2026-06-20,FR,37.5485:-121.9886,72.5,0,0.0,3
2026-06-21,FR,37.5485:-121.9886,74.0,0,0.0,3
2026-06-22,FR,37.5485:-121.9886,70.3,0,0.0,3
2026-06-23,FR,37.5485:-121.9886,72.0,0,0.0,3
2026-06-24,FR,37.5485:-121.9886,72.1,0,0.0,3
2026-06-25,FR,37.5485:-121.9886,72.7,0,0.0,3
2026-06-26,FR,37.5485:-121.9886,70.7,0,0.0,3
2026-06-27,FR,37.5485:-121.9886,68.1,0,0.5,51
2026-06-28,FR,37.5485:-121.9886,77.4,0,0.0,0
2026-06-29,FR,37.5485:-121.9886,79.0,0,0.0,2
2026-06-30,FR,37.5485:-121.9886,74.6,0,0.0,0
2026-06-01,SJ,37.3382:-121.8863,86.7,0,0.0,0
2026-06-02,SJ,37.3382:-121.8863,79.7,0,0.0,3
2026-06-03,SJ,37.3382:-121.8863,82.0,0,0.0,3
2026-06-04,SJ,37.3382:-121.8863,80.6,0,0.0,3
2026-06-05,SJ,37.3382:-121.8863,85.4,0,0.0,0
2026-06-06,SJ,37.3382:-121.8863,73.1,0,0.0,3
2026-06-07,SJ,37.3382:-121.8863,78.5,0,0.0,3
2026-06-08,SJ,37.3382:-121.8863,75.7,0,0.3,51
2026-06-09,SJ,37.3382:-121.8863,77.5,0,0.0,3
2026-06-10,SJ,37.3382:-121.8863,91.3,0,0.0,1
2026-06-11,SJ,37.3382:-121.8863,98.4,0,0.0,0
2026-06-12,SJ,37.3382:-121.8863,91.5,0,0.0,0
2026-06-13,SJ,37.3382:-121.8863,88.4,0,0.0,3
2026-06-14,SJ,37.3382:-121.8863,82.9,0,0.0,3
2026-06-15,SJ,37.3382:-121.8863,81.1,0,0.3,51
2026-06-16,SJ,37.3382:-121.8863,79.0,0,0.0,2
2026-06-17,SJ,37.3382:-121.8863,86.8,0,0.0,2
2026-06-18,SJ,37.3382:-121.8863,84.0,0,0.0,3
2026-06-19,SJ,37.3382:-121.8863,80.6,0,0.0,3
2026-06-20,SJ,37.3382:-121.8863,78.6,0,0.0,3
2026-06-21,SJ,37.3382:-121.8863,79.5,0,0.0,3
2026-06-22,SJ,37.3382:-121.8863,76.0,0,0.1,51
2026-06-23,SJ,37.3382:-121.8863,77.5,0,0.1,51
2026-06-24,SJ,37.3382:-121.8863,78.9,0,0.0,3
2026-06-25,SJ,37.3382:-121.8863,79.3,0,0.0,3
2026-06-26,SJ,37.3382:-121.8863,78.4,0,0.0,3
2026-06-27,SJ,37.3382:-121.8863,73.1,0,1.0,51
2026-06-28,SJ,37.3382:-121.8863,82.8,0,0.0,1
2026-06-29,SJ,37.3382:-121.8863,84.8,0,0.0,2
2026-06-30,SJ,37.3382:-121.8863,86.1,0,0.0,0
